Mfr Part Number (Input),Manufacturer Part Number,Mouser Part Number,Manufacturer Name,Description,Quantity 1,Unit Price 1,Quantity 2,Unit Price 2,Quantity 3,Unit Price 3,Quantity 4,Unit Price 4,Quantity 5,Unit Price 5,Order Quantity,Order Unit Price,Min./Mult.,Availability,Lead Time in Days,Lifecycle,NCNR,RoHS,Pb Free,Package Type,Datasheet URL,Product Image,Design Risk
5323,5323,485-5323,Adafruit,ESP32-S3 Feather with 8MB Flash No PSRAM,,,,,,,,,,,1,17.50,,,,,,,,,,,
2830,2830,485-2830,Adafruit,Feather Stacking Headers - 12-pin and 16-pin female headers,,,,,,,,,,,1,1.25,,,,,,,,,,,
5946,5946,485-5946,Adafruit,OV5640 5MP Camera 120-deg Autofocus - DVP (in stock; replaces 5945),,,,,,,,,,,1,19.95,,,,,,,,,,,
5639,5639,485-5639,Adafruit,High-Power IR LED - STEMMA JST PH 2mm,,,,,,,,,,,1,3.95,,,,,,,,,,,
5425,5425,485-5425,Adafruit,Distance Sensor Development Tool Adafruit VL53L4CX Time of Flight Distance Sensor -  1 to 6000mm - STEMMA QT / Qwiic,1,14.95,,,,,,,,,1,14.95,,85 In Stock,14 Days,,,,,,,,
6426,6426,485-6426,Adafruit,STHS34PF80 IR Temperature & Presence Sensor - STEMMA QT,,,,,,,,,,,1,14.95,,,,,,,,,,,
4438,4438,485-4438,Adafruit,Multiple Function Sensor Development Tools Adafruit LSM6DSOX 6 DoF Accelerometer and Gyroscope - STEMMA QT / Qwiic,1,11.95,,,,,,,,,1,11.95,,174 In Stock,90 Days,,,,,,,,
3421,3421,485-3421,Adafruit,Audio IC Development Tools I2S MEMS Microphone Breakout,1,6.95,,,,,,,,,1,6.95,,2125 In Stock,14 Days,,,,,,,,
2652,2652,485-2652,Adafruit,BME280 Temperature Humidity Pressure Sensor - STEMMA QT,,,,,,,,,,,1,14.95,,,,,,,,,,,
326,326,485-326,Adafruit,"Monochrome 0.96"" 128x64 OLED Display - STEMMA QT",,,,,,,,,,,1,17.50,,,,,,,,,,,
5625,5625,485-5625,Adafruit,STEMMA QT / Qwiic 5-Port Hub,,,,,,,,,,,1,2.50,,,,,,,,,,,
4210,4210,485-4210,Adafruit,STEMMA QT / Qwiic JST SH 4-pin Cable - 100mm Long,,,,,,,,,,,3,0.95,,,,,,,,,,,
3893,3893,485-3893,Adafruit,STEMMA JST PH 2mm 3-Pin to Male Header Cable - 200mm,,,,,,,,,,,1,1.25,,,,,,,,,,,
AQA411VL,AQA411VL,769-AQA411VL,Panasonic,Solid State Relay 25A,,,,,,,,,,,1,21.76,,,,,,,,,,,
HSP-7,HSP-7,558-HSP-7,Crydom,Thermal Pad for Single Phase Panel Mount SSRs,,,,,,,,,,,1,1.65,,,,,,,,,,,
4N35-X007,4N35-X007,4N35-X007,Vishay,General Purpose Optocoupler,,,,,,,,,,,1,0.79,,,,,,,,,,,
XB6ETN521P,XB6ETN521P,996-XB6ETN521P,Schneider Electric,Emergency Stop Switch 16mm Red,,,,,,,,,,,1,18.82,,,,,,,,,,,
471,471,485-471,Adafruit,Arcade Button - 30mm Translucent Red,,,,,,,,,,,1,5.95,,,,,,,,,,,
TBC05-02-1-G-G,TBC05-02-1-G-G,523-TBC05-02-1-G-G,GCT,2.54mm Pitch PCB Terminal Block,,,,,,,,,,,1,0.95,,,,,,,,,,,
LRS-35-5,LRS-35-5,709-LRS35-5,Mean Well,Switching Power Supply 5V 7A Chassis Mount,,,,,,,,,,,1,12.20,,,,,,,,,,,
PCS020-EE0502KS,PCS020-EE0502KS,PCS020-EE0502KS,Bourns,20A Split Core Current Transformer,,,,,,,,,,,1,4.34,,,,,,,,,,,
DF11.2078.0010.01,DF11.2078.0010.01,DF11.2078.0010.01,Schurter,IEC C14 Inlet with Integrated CB (TA45) & Switch,,,,,,,,,,,1,44.44,,,,,,,,,,,
6600.3100,6600.3100,6600.3100,Schurter,Panel Mount IEC C13 Outlet,,,,,,,,,,,1,2.12,,,,,,,,,,,
1877,1877,485-1877,Adafruit,Silicone Cover Stranded-Core Wire - 2m 26AWG Red,,,,,,,,,,,1,0.95,,,,,,,,,,,
1881,1881,485-1881,Adafruit,Silicone Cover Stranded-Core Wire - 2m 26AWG Black,,,,,,,,,,,1,0.95,,,,,,,,,,,
1833,1833,485-1833,Adafruit,Micro SD Card 8GB Class 10,,,,,,,,,,,1,1.95,,,,,,,,,,,
