Manufacturer,Manufacturer Part Number,Description,Quantity,Reference Designator,Distributor,Distributor Part Number,Unit Price,Extended Price
Adafruit,5323,ESP32-S3 Feather with 8MB Flash No PSRAM,1,U1,Mouser,485-5323,17.50,17.50
Adafruit,2830,Feather Stacking Headers - 12-pin and 16-pin female headers,1,CONN1,Mouser,485-2830,1.25,1.25
Adafruit,5946,OV5640 5MP Camera 120-deg Autofocus - DVP (in stock; replaces 5945),1,CAM1,Mouser,485-5946,19.95,19.95
Adafruit,5639,High-Power IR LED - STEMMA JST PH 2mm,1,LED1,Mouser,485-5639,3.95,3.95
Adafruit,5425,VL53L4CX Time of Flight Distance Sensor - STEMMA QT,1,U2,Mouser,485-5425,14.95,14.95
Adafruit,6426,STHS34PF80 IR Temperature & Presence Sensor - STEMMA QT,1,U5,Mouser,485-6426,14.95,14.95
Adafruit,4438,LSM6DSOX 6-DoF Accelerometer and Gyroscope - STEMMA QT,1,U6,Mouser,485-4438,11.95,11.95
Adafruit,3421,I2S MEMS Microphone Breakout - SPH0645LM4H,1,MIC1,Mouser,485-3421,6.95,6.95
Adafruit,2652,BME280 Temperature Humidity Pressure Sensor - STEMMA QT,1,U4,Mouser,485-2652,14.95,14.95
Adafruit,326,"Monochrome 0.96"" 128x64 OLED Display - STEMMA QT",1,U3,Mouser,485-326,17.50,17.50
Adafruit,5625,STEMMA QT / Qwiic 5-Port Hub,1,HUB1,Mouser,485-5625,2.50,2.50
Adafruit,4210,STEMMA QT / Qwiic JST SH 4-pin Cable - 100mm Long,3,CABLE1,Mouser,485-4210,0.95,2.85
Adafruit,3893,STEMMA JST PH 2mm 3-Pin to Male Header Cable - 200mm,1,CABLE2,Mouser,485-3893,1.25,1.25
Panasonic,AQA411VL,Solid State Relay 25A,1,K1,Mouser,769-AQA411VL,21.76,21.76
Crydom,HSP-7,Thermal Pad for Single Phase Panel Mount SSRs,1,TP1,Mouser,558-HSP-7,1.65,1.65
Vishay,4N35-X007,General Purpose Optocoupler,1,U7,Mouser,782-4N35-X007,0.79,0.79
Schneider Electric,XB6ETN521P,Emergency Stop Switch 16mm Red,1,SW1,Mouser,996-XB6ETN521P,18.82,18.82
Adafruit,471,Arcade Button - 30mm Translucent Red,1,BTN1,Mouser,485-471,5.95,5.95
GCT,TBC05-02-1-G-G,2.54mm Pitch PCB Terminal Block,1,CONN3,Mouser,640-TBC05-02-1-G-G,0.95,0.95
Mean Well,LRS-35-5,Switching Power Supply 5V 7A Chassis Mount,1,PS1,Mouser,709-LRS35-5,12.20,12.20
Bourns,PCS020-EE0502KS,20A Split Core Current Transformer,1,CT1,Mouser,652-PCS020-EE0502KS,4.34,4.34
Schurter,DF11.2078.0010.01,IEC C14 Inlet with Integrated CB (TA45) & Switch,1,J1,Mouser,693-DF112078001001,44.44,44.44
Schurter,6600.3100,Panel Mount IEC C13 Outlet,1,J2,Mouser,693-6600.3100,2.12,2.12
Adafruit,1877,Silicone Cover Stranded-Core Wire - 2m 26AWG Red,1,W2,Mouser,485-1877,0.95,0.95
Adafruit,1881,Silicone Cover Stranded-Core Wire - 2m 26AWG Black,1,W3,Mouser,485-1881,0.95,0.95
Adafruit,1833,Micro SD Card 8GB Class 10,1,SD1,Mouser,485-1833,1.95,1.95
